feature_id,feature_sets,label_category,audit_token_summary,refined_description,description_confidence,description_caveat,top20_token_displays
f36,main bug panels; fixed-token context panels,semantic_coherent,mosquito/mosquitoes/insect; mosquito/mosquitoes,"Mosquito/insect lexical family dominated by mosquito variants, with broader insect and disease-vector spillover.",high,, mosquito;  mosquitoes;  Mos; Mos;  mos; 蚊虫;  insect; 蚊; 蚊子;  muỗi;  MOS;  flea;  мос; quito; mos;  malaria;  bug;  Bug;  moth;  deng
f104,technical context stress,nonsemantic_or_ambiguous,institution,"Institution or organization lexical family; coherent tokens, but not a specific graph/data-structure explanation in the audited panel.",medium,navigation-only in audit, institution;  Institution; institution;  institutions;  institución;  institutional;  institute;  organisation;  organization;  Institutions;  instituição;  profession;  istit; 机构;  situation;  corporation;  nation;  entity;  empire;  instrument
f254,general readout examples,token_form_artifact,in,Multilingual preposition/function-word feature centered on in/on/at-like tokens.,high,token-form artifact, in;  في;  в;  trong;  în;  dalam;  In; ใน;  on;  در;  at; \tin; _in;  σε;  IN;  Trong;  from;  with;  a; In
f786,general readout examples,token_form_artifact,punctuation,Comma and punctuation surface-form feature.,high,token-form artifact,",; ،; .;  ,; ',; :; ，; ,'; ,\; ;; ,,; ,s; (),; ,b; .,; ,""; ),; ,a; ,(; ,["
f1070,fixed-token context panels,nonsemantic_or_ambiguous,hybrid,Hybrid/mixed lexical family across languages; semantically coherent but only weakly tied to the local bridge/network target.,medium,navigation-only in audit, hybrid;  Hybrid;  híbr;  hybr;  гибри;  hybrids; 杂交; ybrid;  hib; 混合动力; hy;  하이; 混合型; 混合;  hí; 하이; 混搭; 混动;  гиб; ハイ
f2073,general readout examples,semantic_coherent,Not/_not,Negation surface family with Not/not variants and code-style affixes.,high,,"Not;  Not; _not;  not; not; ""Not;  NOT; .Not; _NOT; .not; -not; NOT; _Not; \tnot; /not; (not;  notch; .NOT; —not;  όχι"
f2359,general readout examples,semantic_coherent,unknown,"Unknown/unspecified abstention family, including multilingual unknown and uncertain variants.",high,, unknown; unknown; 未知;  Unknown; 未知的;  неизвест; Unknown; _unknown;  UNKNOWN; UNKNOWN;  unidentified;  unbek; .unknown;  unknow;  unspecified; _UNKNOWN;  uncertain; .Unknown; 不知;  unfamiliar
f2996,general readout examples,token_form_artifact,punctuation/M,Opening bracket/parenthesis feature with some single-capital spillover.,high,token-form artifact," (;  [; ,;  ("";  ((;  {;  M;  "";  (!;  G; （; (;  a;  F;  K;  T;  C;  N;  L;  and"
f4095,main bug panels; fixed-token context panels,semantic_coherent,bee/bees/insect; bee/bees,"Bee/insect lexical family, dominated by bee variants with broader insect/hive/butterfly spillover.",high,, bee;  bees; bee;  Bee; 蜜蜂;  hive;  butterfly;  insect; 昆虫;  ants;  buzzing;  insects;  doe; 치료;  butterflies;  honey; 蜂;  насекомых;  ООО;  bác
f4205,verify/assume DLA,nonsemantic_or_ambiguous,thanks/letter,"Correspondence and thanks feature, mostly Chinese letter/thank-you tokens; not a verification feature under the top-row audit.",medium,navigation-only in audit,感谢信; 推荐信; 锦旗; 满减; 获得感; 信件; 的一封信; 起诉书; oubted; 衷心的感谢;  thanking; áficas; 表示感谢; yli; 分泌物; 宣传单; 个人简历;  sinc;  thanked; 书信
f4247,technical context stress,semantic_coherent,chart/Chart/charts,Chart/ChartData lexical and code-token family.,high,, chart;  Chart; Chart;  charts; -chart; chart;  Charts; _chart; /chart; Charts; 图表; (chart; .Chart; .chart; charts; ChartData;  charter;  Charter; charted; chartInstance
f4592,verify/assume DLA,semantic_coherent,assume,Assume/assumption family mixed with ass/Ass surface fragments.,medium,surface-form heavy but target-consistent,Ass;  Ass; _ass; -ass; -Ass; ass; .Ass;  ass;  ASS;  Assume; _Ass;  assumption;  assumptions; ASS;  assume;  assumes;  Assuming; assume; _ASS;  assumed
f5680,main bug panels,semantic_coherent,debug/Debug/debugging,Debug/debugger code-token family with case and punctuation variants.,high,, debug;  Debug; debug; \tdebug; Debug; .debug; _debug; (debug;  DEBUG; /debug;  debugging; _DEBUG; -debug; DEBUG; .Debug; \tDebug;  debugger;  dbg; .DEBUG; 调试
f7977,technical context stress,semantic_coherent,diagram/diagrams,"Diagram/schematic/graphical artifact family, multilingual.",high,, diagram;  Diagram;  diagrams; Diagram; 图示;  DIAG;  диа; 示意图; 图解;  schematic; 架构图; 图表;  다이어; 流程图; _di; 图中; 图纸; 电路图; -di; agram
f8233,technical context stress,semantic_coherent,localhost,"Localhost and configuration-key surface family, including =localhost, =admin, =http, and path-like tokens.",medium,server/config-token feature,=localhost; localhost;  localhost; =admin; =http; =./; =mysql; =username; =https; .ttf;  లే; fallback; 篤; лега;  Trieste;  Warszawa;  dopiero; oomla; egin; Fallback
f9249,general readout examples,semantic_coherent,responsible,Responsibility/accountability lexical family across languages.,high,, responsible;  Responsible;  responsável;  responsable;  responsáveis;  responsables; ponsible; 负责;  responsibility; 負責;  odpowiedzial;  verantwortlich;  responsabile;  responsabili;  verantwoord;  Responsibility;  bertanggung;  accountable;  verantwort;  المسؤول
f9280,technical context stress,semantic_coherent,callback,Callback/handler programming-token family.,high,," callback; callback;  Callback; Callback; _callback;  callbacks; \tcallback; .callback; 回调; (callback; ,callback; _CALLBACK; CallBack; /callback;  CALLBACK; _Callback; .Callback;  cb; callbacks;  handler"
f9991,fixed-token context panels,nonsemantic_or_ambiguous,engineer,Occupational/profession family centered on engineer; weak evidence for the audited bridge-side interpretation.,medium,navigation-only in audit, engineer;  Engineer;  engineers; 工程师;  designer;  accountant;  pharmacist;  architect;  engineering;  nurse;  technician;  referee;  scientist;  entrepreneur;  banker;  analyst;  researcher;  administrator; φαλ;  programmer
f11016,technical context stress,nonsemantic_or_ambiguous,experiment,Experiment/experimental lexical family; coherent but not specific to the audited data-structure target.,medium,navigation-only in audit, experiment; experiment;  Experiment;  experiments; Experiment;  эксперим; 实验; 实验中; 實驗;  expériment;  эксперимента; _experiment;  experimental; 実験;  experimentation; 的实验; periment; Experimental;  Experimental;  speriment
f12662,technical context stress,token_form_artifact,km/TR/gest/of,High-frequency single Chinese-character token feature.,high,token-form artifact,地; 和; 中; 台; 安; 是; 上; 茶; 新; 青; 国; 沙; 在; 微; 清; 外; 铜; 下; 高; 面
f13081,main bug panels,semantic_coherent,Error/error/errors,Error/Error/errors surface family with code-style prefixes and punctuation.,high,,Error;  Error;  error; \tError; _error; error; -error; _ERROR;  ERROR; ERROR;  errors; >Error; .Error; (Error; _Error; 误差; エラー; .error;  Errors; /Error
f13473,general readout examples,semantic_coherent,accused/acusado,"Accusation/blame legal-action family, including accuse/accused/alleged/sued tokens.",high,, accused;  acusado;  accuses;  accuse;  acus;  accusations;  accusing;  criticized;  alleged;  accusation;  accus;  criticised;  обвин;  blamed;  acusa;  convicted; สกุล;  thanked;  sued;  condemned
f13835,technical context stress,semantic_coherent,grafico/graficos/grafica,Graph/chart lexical family in Romance/Indonesian/English forms.,high,, gráfico;  gráficos;  gráfica;  graphique;  grafik;  grafis;  graf;  Grafik;  graph;  graphical; กราฟ;  grafica;  graphs;  graphic; 图形; グラフ;  Graph; Graph; graph; áfico
f13856,additional bark/bass margins,semantic_coherent,dog/dogs,Dog/canine lexical family across languages.,high,,狗; 狗的;  dog;  dogs;  Dog; Dog; dog;  Dogs; 狗狗; 小狗; dogs;  собака;  соба;  chien;  chiens;  canine; 犬;  perros;  собаки;  собак
f15063,technical context stress,semantic_coherent,remembers/remember,Remember/recall human-memory family.,high,, remembers;  remember;  remembered;  remembering; remember;  recalls;  Remember;  recalled; 記得;  recalling;  recall; 记得; Remember; recall;  Recall;  nhớ;  вспомина;  ingat; 记住;  recordar
f15524,technical context stress,nonsemantic_or_ambiguous,hurricane,Storm/disaster family centered on hurricane; not a clean medical-virus feature.,medium,navigation-only in audit, hurricane;  Hurricane;  hurricanes; ricane; Hur;  Hurricanes; 飓风; hur;  tornado;  earthquake;  tsunami;  hur;  disaster; 台风; phoon;  Hur;  wildfire; recio; ฮอร์; .Millisecond
f15816,technical context stress,semantic_coherent,tub/Tube/tubes,Tube/tub/pipe family with plumbing and biomedical spillover.,medium,, tub;  Tub;  tube;  tubes;  tuber;  tubo;  Tube; tube;  tubing; 管; Tube;  труб;  Tubes; 管子;  bathtub; 管和; 管的;  трубы; 试管;  tuberculosis
f16310,general readout examples,nonsemantic_or_ambiguous,Gu/Gu/gu,Gu/gu fragment family with guarantee/GUI spillover.,low,navigation-only in audit,Gu;  Gu; gu;  GU; GU;  Guar;  gu; _GU;  Гу;  Guarantee;  Guaranteed;  guar;  guarantee;  Guil;  Guys;  guarantees; GUI;  Gua; Gui; gua
f16851,verify/assume DLA,semantic_coherent,Verify,"Verification/action-check family including Verify, Confirm, Ensure, Validate, and verification forms.",high,, Verify; Verify;  verify;  Confirm; verify;  Ensure;  Validate;  VERIFY; .Verify; Confirm;  verifies;  Evaluate;  Locate;  Verification;  verifying;  Resolve; _verify;  Calculate; \tverify; 市政
f18302,main bug panels,semantic_coherent,Beetle/beetle/bug,"Beetle/bug surface family, dominated by beetle variants with bug and code-token spillover.",medium,, Beetle;  beetle;  beet;  Beet;  Bug; Bug;  bug; _bug; bug;  Finch;  Beckham; úsqu; BUG;  buggy; 나다; гка;  Marble;  BUG;  Beck; 西亞
f18716,general readout examples,semantic_coherent,guilty/guilt,"Guilt/culpability/offender family, including guilty, culpable, innocent, and offender tokens.",high,, guilty;  guilt; ilty;  culp;  innocent;  винов;  sinful; 罪的; ული; 愧疚;  indul; 罪恶;  offender; uldig; .links;  Gu; ув;  naughty;  offenders;  Naughty
f18884,general readout examples,token_form_artifact,are/has/is,"Auxiliary and connector function-word feature, including are/has/is/was/can.",high,token-form artifact, are;  has;  is;  was;  can;  with;  were;  from;  have;  after;  while;  had;  could;  at;  if;  will;  before;  for;  but;  when
f19085,general readout examples,nonsemantic_or_ambiguous,gu/Gu/gu,gu/gui fragment family with weak semantic identity.,low,navigation-only in audit, gu;  Gu; gu; Gu;  GU; GU;  Guinea;  gua;  gui;  guia;  guía; (guid;  Гу;  guise;  gue;  гу;  Guill;  guer;  gul; gua
f19687,general readout examples,semantic_coherent,black,Black color family with multilingual and case variants.,high,, black; black; 黑色;  blacks; -black; Black; 黑色的; 黒; _black;  BLACK; 黑;  schwar; 的黑色; /black; .black;  Black;  hitam;  черный;  черного;  čern
f21804,main bug panels; fixed-token context panels,semantic_coherent,defect/defects/flaw; defect/defects,"Defect/flaw/bug family, consistent with software bug and defect senses.",high,, defect;  defects; 缺陷;  дефек;  flaw;  defe;  defective; 瑕疵;  flaws;  défaut;  bug;  lesion; bug;  결;  bugs;  Def;  Bugs;  fault; Bug;  недостатки
f23681,main bug panels; additional bark/bass margins; general readout examples,token_form_artifact,M/P/S/K; M/P/S,Single uppercase-letter feature.,high,token-form artifact,M; P; S; K; G; A; D; B; N; J; I; Y; H; O; C; F; T; X; In; L
f24245,technical context stress,semantic_coherent,memori/memoria,Memory/memoria multilingual fragment family with some noisy tail tokens.,medium,, memori;  memoria;  память;  памяти;  emisi;  memória;  momen;  Memory;  hari;  mémoire; _memory; ذاكرة;  Memoria; urrets; ช้าง;  memin;  메모; Memory; สีมา; рое
f24940,technical context stress,semantic_coherent,memoria/memoire/memoria,"Memory/memoire/memoria family, mixing human-memory and computer-memory variants.",high,, memória;  mémoire;  memoria;  memory;  памяти;  память;  Memory;  MEMORY; Memory;  memori; メモリ; memory;  mem; -memory; 内存;  pamię; äume; DDR;  메모; ذاكرة
f25707,technical context stress,semantic_coherent,tank/tanks,"Tank/container lexical family, including tanks, storage tanks, water tanks, and vehicle tank tokens.",medium,, tank;  tanks;  Tank; tank; -tank; Tank;  Tanks;  tanker; 坦克; 储罐; 水箱; <space>; タン;  тан; 油箱; ถัง; 탱; 罐;  reactor;  tan
f25948,verify/assume DLA,semantic_coherent,verify,Verify/verification/confirm lexical family.,high,, verify;  verifies;  verifying;  Verify; verify;  verification; Verify; 验证; \tverify;  verified; .verify; Verification;  confirm;  Verification; _verify;  confirms; verification;  verifikasi; _verification;  Confirm
f25997,general readout examples,nonsemantic_or_ambiguous,effects/Effects,Effects/effects surface family mixed with punctuation and hyphen fragments.,low,navigation-only in audit," effects; ,;  Effects; .; Effects; -effects; :;  and; -; -b; ;; -g; -T; /b; /t; /s; effects; .a; -t; \n"
f27429,additional bark/bass margins,semantic_coherent,cat,Cat/cats/feline lexical family across languages.,high,, cat;  Cat; Cat; cat;  cats; _cat; (cat; /cat; \tcat; -cat; 猫;  Cats; .cat; 猫咪;  CAT; 貓; 猫的; cats; CAT; _CAT
f27888,verify/assume DLA,semantic_coherent,assumptions,Assumption/assume/assumed lexical family.,high,, assumptions;  assumption;  assumed;  assumes;  assume;  Assumes;  Ass;  Assume;  assum;  assuming; assume; 假设; assuming;  Assuming;  hypotheses; Ass; sumsi; 假定;  가정;  assms
f29839,general readout examples,semantic_coherent,culprit/offense,Culprit/perpetrator/offender culpability family.,high,, culprit; 罪魁祸首;  offending;  Cul;  perpetrator;  culp;  offender;  винов; 罪魁; culp;  cul;  culpa;  perpetrators; 凶手;  offenders;  Täter;  colpa; せい; cipe;  gist
f30192,additional bark/bass margins,semantic_coherent,wood/Wood/woods,Wood/timber/material family across languages.,high,, wood;  Wood; wood; Wood;  bois;  madera; 木材;  woods;  древесины;  madeira;  Holz;  legno;  древес;  timber; WOOD; woods; 木; 木头;  wooden;  kayu
f30917,technical context stress,semantic_coherent,recall/recalling,Recall/reminiscence memory family.,high,,回忆; 回憶; 回想;  recall;  recalling; 回忆起; 回顾;  Recall;  recalled; recall;  recalls; 追忆; 回顧; 思い出; 回想起; 忆; 回顾了;  вспомина;  recordar;  ricordo
f31242,general readout examples,semantic_coherent,green,Green color family with multilingual and case variants.,high,, green; green; 綠色; 绿色; Green;  GREEN; -green;  Green; _green; 的绿色; 绿色的; 綠;  зеленый;  hijau; 绿; 緑;  greens; GREEN;  зелен; .green
f32168,technical context stress,semantic_coherent,edges/edge,Edge/edges graph-structure family with code-style variants.,high,, edges; edges; Edges;  edge; _edges;  Edge; Edge; edge; -edge; .edges; _edge; (edges; 边缘;  edged;  corners;  EDGE; EDGE; (edge;  sides; .edge
f32574,fixed-token context panels,nonsemantic_or_ambiguous,sect,sect/section/insect fragment mixture; not a clean insect label.,low,navigation-only in audit,sect; sects;  sect;  Sect;  insect;  sectarian;  insects;  dissect;  насекомых; section;  masakan; bred; bug;  Resta; 変わらず; 昆虫; 蚊虫; нди; ほん; sections
f32627,technical context stress,semantic_coherent,VM/vm,"VM/virtual-machine/software-token family, including vm, VMware, JVM, SVM, and viewModel variants.",high,, VM; VM;  vm; vm; (vm; 虚拟机; _vm; \tvm; _VM; .vm; Vm;  VMware;  JVM;  SVM;  ViewModel;  svm; ViewModel;  viewModel; svm; viewModel
f34366,technical context stress,nonsemantic_or_ambiguous,virus/boots,Virus-token family mixed with software/bootstrap fragments.,medium,navigation-only in audit,바이러스;  바이러스; ウイルス; ไวรัส; 病毒;  вирус; 病毒的; 病毒感染;  لاز;  pedagang; írus;  vírus;  вируса; -bootstrap; вирус;  viruses;  ไว;  viral; 双随机; فيروس
f34693,main bug panels,token_form_artifact,p/j/d/b,Single lowercase-letter feature.,high,token-form artifact, p;  j;  d;  b;  t;  g;  m;  l;  h;  s;  k;  em;  c;  o;  n;  r;  pe;  y;  f;  v
f34735,technical context stress,nonsemantic_or_ambiguous,taste/Taste/tastes,Taste/flavor sensory family; coherent but off-target for the audited memory contrast.,medium,navigation-only in audit, taste;  Taste;  tastes;  goût;  Geschmack;  tasted;  smaak;  вкус;  smell;  gosto; 口味;  맛;  tast; 味道;  flavor;  tasting;  Tast;  вкуса;  gusto;  sabor
f37327,general readout examples,nonsemantic_or_ambiguous,Blue,Blue color family with multilingual and capitalization variants; kept navigation-only in the conservative audit.,medium,navigation-only in audit,蓝; 藍;  Blue; Blue; blue;  blue; -blue; 蓝色; 蓝色的; /blue; _blue; 藍色;  синий; 蓝光;  biru;  BLUE;  azul; _Blue; .blue; ブルー
f37669,additional bark/bass margins,nonsemantic_or_ambiguous,bassi,Bass/bassi/basso fragment family with music/pitch hints and multilingual fragments.,low,navigation-only in audit, bassi;  bajos;  alti;  basso;  bass;  Bass;  basse;  басс;  altos;  baix; แค่ไหน; jin; 低音; backgroundColor;  بْنِ;  lengk;  السف; داشت;  buoni;  scol
f37682,technical context stress,semantic_coherent,grafik/Graph/graphs,Graph/chart multilingual lexical family.,high,, графи;  график;  График;  grafik; графи;  Grafik;  гра; Гра; กราฟ;  graphs;  graf; グラフィ;  gráficos;  graphical;  그래픽;  grafica;  γρα;  graphics;  grafis;  Гра
f37898,general readout examples,semantic_coherent,convicted/sentenced,Conviction/sentencing legal-outcome family.,high,, convicted;  sentenced;  acquitted;  indicted;  conviction;  convictions;  convict;  prosecuted;  condenado;  diagnosed;  arrested;  jailed;  incarcerated;  condemned; 人人都; 定罪;  wealthy; icted;  cultured; 理政
f38036,technical context stress,semantic_coherent,virus/Virus/viruses,Virus/viral lexical family across languages.,high,, virus;  Virus; 病毒;  viruses; virus;  vírus; 病毒的;  바이러스; ウイルス;  вирус;  вируса;  الفيروس; ไวรัส;  viral; 病毒感染;  виру;  Viral; irus;  فيروس; вирус
f39358,general readout examples,semantic_coherent,happy/happy,Happy/positive-affect lexical family.,high,, happy; happy;  Happy; Happy;  unhappy;  happily;  feliz;  happiest;  happier;  heureux;  счастли;  happiness;  felice;  HAPP;  pleased;  glücklich;  행복;  delighted;  joyful;  행복한
f40106,additional bark/bass margins,token_form_artifact,that/the/and,Common determiner/conjunction/function-word feature centered on that/the/and.,high,token-form artifact, that;  the;  and; \tthat;  a;  in;  is;  but;  for;  to;  with;  high;  two;  can;  on;  an;  we;  all;  That;  from
f41099,general readout examples,semantic_coherent,red/Red/红色,Red color family with multilingual and case variants.,high,,红色; 紅色; 红色的;  red;  красный; -red; Red; _red;  Red; red;  RED; .red; 紅;  красного; /red; (red; 红;  rouge;  merah;  đỏ
f42908,additional bark/bass margins,semantic_coherent,percussion/drum,Percussion/drum/rhythm family with some noisy tail tokens.,medium,, percussion;  Perc; perc;  perc;  drum;  drummer;  drums;  Drum; ussion; 鼓;  rhyth; 叩; Jonathan; ?family;  Schlag;  abras; 敲打; abras;  überzeugt;  punk
f43419,main bug panels; fixed-token context panels,semantic_coherent,Crash/crash/crashes; Crash/crash,Crash/bug/panic software-failure family.,high,, Crash;  crash;  crashes;  crashed;  crashing; Bug;  Bug; rash;  bug;  bugs;  Panic; _bug;  Bugs; bug;  BUG; สาย;  cass; 地质灾害; panic;  slump
f44118,additional bark/bass margins,semantic_coherent,trout/salmon/fish,Fish/trout/salmon family.,high,, trout;  Trout;  salmon;  Salmon;  рыбы;  fish;  tuna;  щу; 鱼的; 鱼类;  рыб;  Fisheries;  angl; 魚; <empty>;  Fish; 鱼;  sharks; Fish; FIL
f44301,technical context stress,semantic_coherent,tube/tubes,"Pipe/tube plumbing family, Chinese-dominant with tube variants.",high,,管的; 管和; 管;  tube; 管所;  tubes;  Tube; tube;  Tubes; 管内; 管用; 管子; 管好; Tube; 管员; 管局; 管材; 管教;  tubo; 管制
f46269,general readout examples,nonsemantic_or_ambiguous,BLUE,Uppercase BLUE/blue color surface family with capitalization emphasis and some other-color spillover.,medium,navigation-only in audit, BLUE; BLUE;  Blue; Blue; blue; _BLUE;  blue; _Blue; -blue; /blue; _blue; 蓝色的; .Blue; 蓝色; ブルー; .blue; YELLOW; 藍色;  синий;  YELLOW
f46953,general readout examples,token_form_artifact,the/an/a,Articles and single-letter surface-form feature centered on the/an/a plus letters.,high,token-form artifact, the;  an;  a;  p;  m;  b;  g;  M;  all;  at;  t;  j;  l;  d;  K;  k;  on;  G;  s;  P
f47071,general readout examples,semantic_coherent,not/Not,Negation family with not/Not/NOT and multilingual negation variants.,high,, not; not;  Not; Not; _not; \tnot;  NOT; -not; .not; (not; _NOT;  όχι; NOT;  bukan; 不是; .Not;  ليس; /not; ไม่ใช่; _Not
f47092,verify/assume DLA,semantic_coherent,check,"Check/checking family with case, punctuation, and multilingual variants.",high,, check; check;  Check; Check; _check;  checks; \tcheck; .check; -check; 检查;  checking;  checked;  CHECK; 檢查; (check;  Checks; /check; checking;  Checking; CHECK
f47974,technical context stress,semantic_coherent,Memory/memory/memories,Human-memory/remembered-memory family across languages.,high,,记忆; 記憶; 的记忆; 记忆的; 记忆中;  Memory;  memory; 记忆里;  기억; Memory; memory;  memories;  память;  memória;  памяти;  MEMORY; 记忆力; -memory; _memory;  memoria
f49056,technical context stress,nonsemantic_or_ambiguous,Memory/memory/Speicher,Computer-memory/storage family; treated cautiously because it is target-token-heavy in the audited panel.,medium,navigation-only in audit,存储器; 記憶體; 存储; 存储空间;  Memory; メモリ;  memory; 存储在; 储值; emory; 处理器;  Speicher;  메모;  MEMORY; Memory; 内存; (memory;  plunder;  scrittore; 存储服务
f49799,technical context stress,semantic_coherent,vertices/vertex,Vertex/vertices graph-structure family.,high,, vertices; vertices;  vertex; Vertices; 顶点;  Vertex; vertex; Vertex; _vertices; _vertex; (vertices; .vertices; .vertex; \tvertices; VERTEX; \tvertex; .Vertex; (vertex;  Vert; _VERTEX
f52267,fixed-token context panels,semantic_coherent,Issue/issues,Issue/issues bug-tracker surface family with uppercase and code-style variants.,high,, Issue; Issue;  issue;  Issues;  ISSUE;  issues; _issue; issue; Issues; issues; _issues; -issue; (issue; /issues; ssue; .issue;  이슈;  isu; ISS; Bug
f54636,fixed-token context panels,semantic_coherent,jembatan/bridge,Bridge lexical family across languages.,high,, jembatan;  puente;  ponte;  bridges; สะพาน; 桥梁;  Bridges;  bridge; 橋;  brid; 桥; 的桥梁;  pont; Bridge; brid;  Brid; _bridge;  पुल; 桥上;  Bridge
f54655,fixed-token context panels,semantic_coherent,address/addresses,"Address/addressing family, including network/contact-address variants.",high,, address;  Address;  addresses; address; Address;  addressing;  Addresses;  addressed; _address;  ADDRESS; 地址; -address; \taddress;  adress; addresses; .address; Addresses; (address; ADDRESS; _ADDRESS
f55275,additional bark/bass margins,semantic_coherent,Bark/bark,Bark/bark/Oak mixed tree-bark/name feature; usable but less clean than the stronger bark-row feature.,medium,, Bark;  bark;  кора;  Army; 巴克;  Oak;  коре; Army; .stringify;  postan;  Bier;  tạng; -webpack; 造林; ackBar;  Faz; 谈心;  Barker; 海港;  Miser
f55298,fixed-token context panels,semantic_coherent,river,River/waterway lexical family across languages.,high,, river; river;  River; River;  rivers; 河; 河流; 河的;  creek;  río; 河水;  sungai; 河岸;  lake; 河道; 河边;  реки;  rivière;  sông; 河里
f58166,technical context stress,nonsemantic_or_ambiguous,vision,Vision/sight/visionary family; coherent but off-target for the audited virus contrast.,medium,navigation-only in audit, vision;  Vision; Vision;  visión;  visions; vision;  visão;  visione; 愿景;  الرؤية; 视力;  visionary; 視; 视;  visi;  رؤية; VISION;  sight; ISION; ビジ
f58330,main bug panels,semantic_coherent,error/_error/ERROR,"Code-style error feature centered on _error, _ERROR, and error variants.",high,,"_error; _ERROR;  error; -error;  Error; .error; \terror; error; Error; _Error; _errors; (error; 误差; /error; ErrorMessage; .Error; 错误;  errors; _err; ,error"
f59571,main bug panels; additional bark/bass margins; general readout examples,token_form_artifact,M/J/G/K; M/J/G,Punctuation plus uppercase-letter surface-form feature.,high,token-form artifact," ';  M;  J;  G;  K; .; ,; -;  N;  P;  "";  I;  -; '; "";  L;  [;  A;  B;  S"
f59852,technical context stress,semantic_coherent,protein/proteins,Protein/proteins/peptide molecular-biology family.,high,, protein;  Protein; protein; 蛋白质; 蛋白;  proteins;  단백질;  proteína;  proteine;  proteínas; tein;  proté; 蛋白質;  белка; 高蛋白;  단백; rotein;  Prote;  prote;  peptide
f61019,technical context stress,semantic_coherent,bottle/bottles,Bottle/flask/container family.,high,, bottle;  Bottle;  bottles; 瓶; 瓶子; 瓶中; ottle;  Bott;  bott; ボトル;  bottleneck;  Flas;  botol; 瓶装; ขวด;  бут;  буты; 瓶盖;  bottled; 瓶颈
f61230,additional bark/bass margins,nonsemantic_or_ambiguous,bark/Bark,Tree-bark/peel/scraping family; semantically plausible but target-token-heavy in the audited panel.,medium,navigation-only in audit,树皮;  bark; 树干; 果皮; 树叶; 太守;  коре;  кора; 学派; äsident; 树脂;  Bark; Tap;  taps; เปลือก; 냅;  tap;  scraping; <empty>;  Terp
f62208,fixed-token context panels,semantic_coherent,boat,Boat/watercraft family.,high,, boat;  Boat; boat;  boats;  bateau;  barco; boats;  canoe;  kayak;  barca;  yacht;  thuyền; 船; 舟;  ferry; 船上; 两岸; 艇; 游轮; 船的
f62412,technical context stress,semantic_coherent,RAM/_ram/Ram,"RAM/hardware-memory family, including RAM, memory, CPU, and GPU tokens.",high,, RAM; RAM; _ram; Ram;  Ram;  ram; _RAM;  رام; 内存;  CPU; ram; 記憶體;  राम;  Memory;  memory; CPU;  Rama;  Rams;  GPU;  MEMORY
f62519,verify/assume DLA,semantic_coherent,Assuming,Assuming/assume/assumption family.,high,, Assuming;  assuming; assuming;  assumes;  Assume;  assume;  Assumes; uming; assume;  assumed;  assumption; 假定; 假设;  assum;  assumptions;  Using;  assumere;  assumir; Ass;  USING
f62888,technical context stress,semantic_coherent,acid/acids,Acid/acidity/pH chemistry family.,high,, acid;  Acid; acid;  acids;  acidic;  acidity; 酸;  axit;  ácido; 酸碱; 酸性;  кислот;  кислоты; กรด;  asam; 酸的; 酸化;  кислота;  alkal;  pH
f62935,additional bark/bass margins,semantic_coherent,Music/music,Music/music multilingual family.,high,, Music; Music;  music; music; 音乐; 音樂;  Musik; 音楽; 的音乐;  MUSIC; 音乐的;  음악;  musik;  música; _music;  muziek;  музыки;  musica;  музыка;  Музыка
f62961,technical context stress,semantic_coherent,malware/Mal,"Malware/security-threat family with malware, phishing, antivirus, malicious, and ransom tokens.",high,, malware; Mal;  Mal; mal;  mal;  MAL;  phishing; MAL;  antivirus;  Malta;  firmware;  malicious;  Маль; 恶意; マル; ってから;  scams; mati;  malt;  ransom
f64402,verify/assume DLA,semantic_coherent,assume,Assumption/supposition family across languages.,high,,假设; 假定;  assume;  assumes;  assumption;  Assume;  assuming;  assumed; assuming; assume;  assumptions;  Assuming;  Assumes;  assum;  فرض;  가정; 设; 设想;  suppose;  Giả
f64688,technical context stress,semantic_coherent,queue/queues,Queue/queued/enqueue/dequeue systems-programming family.,high,, queue;  Queue; queue; Queue; _queue;  queues; \tqueue; 队列; (queue; _QUEUE;  QUEUE;  queued; .queue; .Queue;  enqueue; QUEUE;  deque; queues;  dequeue; ueue
